mano,eq_1r,eq_2r,eq_3r,eq_4r,eq_5r,eq_6r,eq_7r,eq_8r
AA,0.8531,0.7358,0.6396,0.5583,0.4890,0.4358,0.3874,0.3459
AKo,0.6517,0.4813,0.3865,0.3210,0.2768,0.2431,0.2154,0.1931
AKs,0.6670,0.5070,0.4155,0.3552,0.3118,0.2763,0.2501,0.2271
AQo,0.6461,0.4677,0.3700,0.3048,0.2595,0.2246,0.1953,0.1742
AQs,0.6647,0.4944,0.3985,0.3359,0.2932,0.2583,0.2331,0.2129
AJo,0.6364,0.4543,0.3541,0.2867,0.2439,0.2104,0.1849,0.1605
AJs,0.6533,0.4827,0.3845,0.3225,0.2823,0.2449,0.2192,0.1993
ATo,0.6300,0.4455,0.3418,0.2735,0.2301,0.1976,0.1733,0.1497
ATs,0.6460,0.4707,0.3730,0.3089,0.2678,0.2354,0.2100,0.1877
A9o,0.6055,0.4188,0.3095,0.2478,0.2022,0.1691,0.1467,0.1271
A9s,0.6286,0.4441,0.3447,0.2836,0.2410,0.2089,0.1886,0.1689
A8o,0.5967,0.4057,0.2983,0.2351,0.1921,0.1599,0.1386,0.1193
A8s,0.6198,0.4360,0.3343,0.2737,0.2316,0.2026,0.1798,0.1622
A7o,0.5869,0.3938,0.2900,0.2259,0.1847,0.1550,0.1320,0.1129
A7s,0.6120,0.4237,0.3255,0.2635,0.2235,0.1960,0.1729,0.1578
A6o,0.5790,0.3795,0.2789,0.2137,0.1724,0.1459,0.1246,0.1085
A6s,0.5993,0.4117,0.3133,0.2550,0.2148,0.1904,0.1704,0.1524
A5o,0.5763,0.3843,0.2798,0.2215,0.1811,0.1505,0.1318,0.1144
A5s,0.5995,0.4134,0.3188,0.2576,0.2217,0.1952,0.1742,0.1585
A4o,0.5680,0.3710,0.2745,0.2133,0.1757,0.1477,0.1261,0.1109
A4s,0.5899,0.4073,0.3118,0.2528,0.2164,0.1911,0.1700,0.1548
A3o,0.5605,0.3652,0.2626,0.2060,0.1702,0.1434,0.1256,0.1070
A3s,0.5807,0.3982,0.3006,0.2475,0.2110,0.1876,0.1668,0.1500
A2o,0.5482,0.3515,0.2568,0.1985,0.1619,0.1378,0.1191,0.1031
A2s,0.5765,0.3883,0.2938,0.2400,0.2064,0.1821,0.1626,0.1479
KK,0.8235,0.6922,0.5832,0.4991,0.4279,0.3737,0.3300,0.2905
KQo,0.6155,0.4419,0.3520,0.2910,0.2525,0.2195,0.1898,0.1693
KQs,0.6342,0.4707,0.3841,0.3235,0.2849,0.2521,0.2243,0.2071
KJo,0.6068,0.4286,0.3374,0.2777,0.2346,0.2032,0.1770,0.1566
KJs,0.6252,0.4609,0.3719,0.3102,0.2695,0.2372,0.2134,0.1923
KTo,0.5958,0.4237,0.3223,0.2651,0.2231,0.1904,0.1673,0.1446
KTs,0.6198,0.4480,0.3581,0.2993,0.2589,0.2257,0.2016,0.1849
K9o,0.5775,0.3928,0.2929,0.2339,0.1950,0.1655,0.1444,0.1212
K9s,0.5992,0.4232,0.3309,0.2710,0.2334,0.2030,0.1812,0.1626
K8o,0.5577,0.3698,0.2685,0.2126,0.1737,0.1452,0.1249,0.1083
K8s,0.5824,0.4004,0.3087,0.2485,0.2145,0.1858,0.1648,0.1508
K7o,0.5509,0.3617,0.2604,0.2035,0.1651,0.1374,0.1192,0.1025
K7s,0.5724,0.3932,0.3000,0.2438,0.2079,0.1800,0.1587,0.1430
K6o,0.5419,0.3502,0.2528,0.1955,0.1592,0.1333,0.1136,0.0981
K6s,0.5663,0.3828,0.2901,0.2368,0.2005,0.1746,0.1544,0.1390
K5o,0.5333,0.3377,0.2443,0.1882,0.1518,0.1261,0.1092,0.0926
K5s,0.5561,0.3734,0.2847,0.2296,0.1950,0.1722,0.1520,0.1367
K4o,0.5221,0.3326,0.2347,0.1815,0.1443,0.1248,0.1053,0.0909
K4s,0.5491,0.3665,0.2758,0.2229,0.1893,0.1669,0.1487,0.1322
K3o,0.5167,0.3203,0.2272,0.1780,0.1432,0.1205,0.1018,0.0886
K3s,0.5398,0.3554,0.2691,0.2184,0.1854,0.1622,0.1445,0.1330
K2o,0.5046,0.3125,0.2225,0.1703,0.1387,0.1149,0.0998,0.0875
K2s,0.5302,0.3491,0.2625,0.2107,0.1802,0.1596,0.1420,0.1306
QQ,0.7977,0.6499,0.5347,0.4478,0.3798,0.3246,0.2815,0.2497
QJo,0.5828,0.4129,0.3257,0.2699,0.2277,0.1960,0.1732,0.1550
QJs,0.6037,0.4419,0.3571,0.3022,0.2627,0.2325,0.2072,0.1913
QTo,0.5724,0.4017,0.3129,0.2573,0.2172,0.1889,0.1639,0.1451
QTs,0.5958,0.4326,0.3442,0.2896,0.2519,0.2221,0.1993,0.1804
Q9o,0.5532,0.3758,0.2848,0.2271,0.1898,0.1615,0.1381,0.1217
Q9s,0.5782,0.4086,0.3165,0.2654,0.2260,0.1982,0.1771,0.1581
Q8o,0.5376,0.3534,0.2621,0.2063,0.1669,0.1415,0.1213,0.1057
Q8s,0.5578,0.3866,0.2969,0.2445,0.2073,0.1815,0.1606,0.1450
Q7o,0.5174,0.3321,0.2377,0.1864,0.1501,0.1232,0.1052,0.0911
Q7s,0.5447,0.3632,0.2763,0.2214,0.1897,0.1666,0.1462,0.1333
Q6o,0.5096,0.3236,0.2320,0.1791,0.1440,0.1190,0.1012,0.0868
Q6s,0.5360,0.3556,0.2691,0.2186,0.1863,0.1598,0.1432,0.1260
Q5o,0.5025,0.3141,0.2238,0.1729,0.1394,0.1165,0.0980,0.0846
Q5s,0.5295,0.3510,0.2634,0.2119,0.1789,0.1585,0.1401,0.1245
Q4o,0.4915,0.3047,0.2178,0.1648,0.1342,0.1111,0.0955,0.0807
Q4s,0.5191,0.3403,0.2554,0.2059,0.1736,0.1525,0.1366,0.1241
Q3o,0.4812,0.2939,0.2062,0.1603,0.1274,0.1068,0.0915,0.0799
Q3s,0.5111,0.3309,0.2481,0.2014,0.1719,0.1503,0.1329,0.1207
Q2o,0.4726,0.2863,0.2006,0.1538,0.1253,0.1038,0.0886,0.0778
Q2s,0.5007,0.3227,0.2437,0.1962,0.1684,0.1457,0.1323,0.1178
JJ,0.7774,0.6134,0.4911,0.4039,0.3327,0.2828,0.2467,0.2172
JTo,0.5514,0.3919,0.3064,0.2529,0.2152,0.1865,0.1614,0.1454
JTs,0.5751,0.4168,0.3385,0.2864,0.2482,0.2194,0.1980,0.1806
J9o,0.5315,0.3638,0.2770,0.2258,0.1872,0.1587,0.1377,0.1216
J9s,0.5567,0.3961,0.3113,0.2591,0.2231,0.1959,0.1719,0.1577
J8o,0.5130,0.3421,0.2550,0.2027,0.1674,0.1408,0.1203,0.1057
J8s,0.5396,0.3745,0.2908,0.2406,0.2053,0.1783,0.1589,0.1447
J7o,0.4979,0.3181,0.2338,0.1815,0.1486,0.1241,0.1054,0.0951
J7s,0.5262,0.3525,0.2713,0.2196,0.1867,0.1647,0.1444,0.1318
J6o,0.4812,0.2988,0.2149,0.1646,0.1338,0.1109,0.0926,0.0789
J6s,0.5065,0.3320,0.2515,0.2033,0.1725,0.1533,0.1344,0.1211
J5o,0.4726,0.2917,0.2048,0.1586,0.1278,0.1060,0.0891,0.0770
J5s,0.4973,0.3273,0.2482,0.1966,0.1695,0.1468,0.1302,0.1175
J4o,0.4601,0.2806,0.1995,0.1536,0.1225,0.1016,0.0860,0.0750
J4s,0.4945,0.3187,0.2389,0.1946,0.1651,0.1418,0.1260,0.1168
J3o,0.4545,0.2736,0.1926,0.1457,0.1191,0.0977,0.0833,0.0721
J3s,0.4835,0.3113,0.2332,0.1877,0.1606,0.1403,0.1272,0.1146
J2o,0.4416,0.2644,0.1834,0.1421,0.1147,0.0954,0.0810,0.0704
J2s,0.4729,0.3015,0.2274,0.1852,0.1574,0.1368,0.1198,0.1124
TT,0.7512,0.5752,0.4533,0.3625,0.2991,0.2514,0.2160,0.1903
T9o,0.5142,0.3567,0.2761,0.2252,0.1922,0.1605,0.1415,0.1256
T9s,0.5433,0.3898,0.3100,0.2620,0.2243,0.1959,0.1763,0.1609
T8o,0.4977,0.3343,0.2540,0.2037,0.1702,0.1437,0.1250,0.1100
T8s,0.5215,0.3670,0.2886,0.2417,0.2044,0.1789,0.1626,0.1463
T7o,0.4786,0.3129,0.2310,0.1840,0.1529,0.1277,0.1088,0.0959
T7s,0.5063,0.3488,0.2694,0.2206,0.1897,0.1645,0.1491,0.1328
T6o,0.4599,0.2919,0.2110,0.1655,0.1342,0.1111,0.0959,0.0836
T6s,0.4904,0.3262,0.2514,0.2052,0.1731,0.1521,0.1353,0.1218
T5o,0.4430,0.2714,0.1941,0.1483,0.1182,0.0986,0.0839,0.0714
T5s,0.4713,0.3119,0.2325,0.1882,0.1606,0.1382,0.1239,0.1139
T4o,0.4333,0.2647,0.1863,0.1426,0.1151,0.0949,0.0786,0.0690
T4s,0.4647,0.3005,0.2299,0.1835,0.1558,0.1351,0.1201,0.1084
T3o,0.4257,0.2552,0.1807,0.1386,0.1109,0.0911,0.0786,0.0677
T3s,0.4576,0.2945,0.2199,0.1796,0.1538,0.1343,0.1212,0.1064
T2o,0.4151,0.2474,0.1733,0.1337,0.1068,0.0886,0.0748,0.0655
T2s,0.4491,0.2874,0.2169,0.1750,0.1469,0.1305,0.1173,0.1066
99,0.7211,0.5356,0.4121,0.3267,0.2670,0.2256,0.1926,0.1714
98o,0.4824,0.3278,0.2496,0.2002,0.1671,0.1406,0.1237,0.1099
98s,0.5050,0.3597,0.2853,0.2377,0.2038,0.1775,0.1579,0.1459
97o,0.4629,0.3090,0.2292,0.1830,0.1507,0.1281,0.1088,0.0973
97s,0.4921,0.3406,0.2668,0.2207,0.1898,0.1648,0.1492,0.1364
96o,0.4447,0.2852,0.2117,0.1661,0.1357,0.1133,0.0978,0.0866
96s,0.4742,0.3207,0.2463,0.2038,0.1731,0.1524,0.1339,0.1229
95o,0.4282,0.2659,0.1903,0.1458,0.1200,0.1002,0.0857,0.0744
95s,0.4557,0.3038,0.2302,0.1889,0.1579,0.1394,0.1260,0.1132
94o,0.4077,0.2441,0.1731,0.1318,0.1065,0.0869,0.0742,0.0642
94s,0.4391,0.2851,0.2142,0.1723,0.1436,0.1290,0.1136,0.1030
93o,0.3990,0.2380,0.1681,0.1261,0.0994,0.0834,0.0697,0.0617
93s,0.4333,0.2754,0.2096,0.1686,0.1441,0.1241,0.1107,0.1009
92o,0.3910,0.2326,0.1611,0.1219,0.0981,0.0804,0.0684,0.0593
92s,0.4200,0.2713,0.2038,0.1635,0.1398,0.1231,0.1103,0.0979
88,0.6897,0.5017,0.3763,0.2943,0.2390,0.2025,0.1757,0.1588
87o,0.4496,0.3014,0.2314,0.1860,0.1519,0.1310,0.1146,0.1013
87s,0.4768,0.3399,0.2667,0.2203,0.1895,0.1659,0.1498,0.1374
86o,0.4318,0.2830,0.2121,0.1670,0.1383,0.1195,0.1031,0.0928
86s,0.4636,0.3194,0.2473,0.2056,0.1748,0.1546,0.1404,0.1283
85o,0.4152,0.2624,0.1929,0.1498,0.1232,0.1050,0.0909,0.0815
85s,0.4445,0.3007,0.2321,0.1891,0.1632,0.1408,0.1285,0.1176
84o,0.3938,0.2422,0.1752,0.1335,0.1081,0.0914,0.0776,0.0685
84s,0.4256,0.2828,0.2143,0.1725,0.1479,0.1297,0.1175,0.1073
83o,0.3745,0.2232,0.1564,0.1178,0.0928,0.0780,0.0679,0.0568
83s,0.4080,0.2626,0.1971,0.1602,0.1363,0.1180,0.1066,0.0982
82o,0.3691,0.2182,0.1516,0.1152,0.0902,0.0745,0.0641,0.0559
82s,0.4048,0.2576,0.1936,0.1550,0.1338,0.1166,0.1047,0.0941
77,0.6612,0.4627,0.3454,0.2666,0.2184,0.1858,0.1638,0.1455
76o,0.4245,0.2834,0.2150,0.1718,0.1434,0.1210,0.1071,0.0956
76s,0.4522,0.3214,0.2501,0.2063,0.1781,0.1586,0.1438,0.1310
75o,0.4045,0.2654,0.1966,0.1552,0.1279,0.1097,0.0963,0.0871
75s,0.4396,0.2996,0.2352,0.1917,0.1667,0.1485,0.1362,0.1231
74o,0.3845,0.2456,0.1771,0.1396,0.1151,0.0978,0.0837,0.0755
74s,0.4158,0.2855,0.2176,0.1787,0.1514,0.1367,0.1239,0.1116
73o,0.3669,0.2233,0.1609,0.1228,0.0992,0.0845,0.0718,0.0642
73s,0.3989,0.2641,0.2005,0.1640,0.1411,0.1235,0.1108,0.1006
72o,0.3471,0.2065,0.1421,0.1088,0.0864,0.0726,0.0623,0.0534
72s,0.3817,0.2456,0.1859,0.1495,0.1276,0.1136,0.1002,0.0927
66,0.6326,0.4311,0.3171,0.2438,0.1980,0.1737,0.1521,0.1406
65o,0.3972,0.2676,0.2000,0.1576,0.1310,0.1143,0.1019,0.0941
65s,0.4340,0.3001,0.2378,0.1981,0.1724,0.1516,0.1377,0.1284
64o,0.3820,0.2486,0.1818,0.1447,0.1197,0.1029,0.0913,0.0830
64s,0.4117,0.2849,0.2191,0.1827,0.1570,0.1440,0.1302,0.1178
63o,0.3604,0.2262,0.1663,0.1282,0.1052,0.0899,0.0794,0.0716
63s,0.3975,0.2687,0.2056,0.1697,0.1449,0.1288,0.1188,0.1079
62o,0.3396,0.2062,0.1442,0.1128,0.0900,0.0767,0.0664,0.0607
62s,0.3759,0.2498,0.1900,0.1541,0.1320,0.1191,0.1067,0.0973
55,0.6024,0.4000,0.2897,0.2261,0.1857,0.1600,0.1429,0.1317
54o,0.3837,0.2532,0.1918,0.1512,0.1257,0.1109,0.0991,0.0896
54s,0.4144,0.2885,0.2273,0.1884,0.1652,0.1494,0.1353,0.1249
53o,0.3648,0.2346,0.1692,0.1361,0.1156,0.0986,0.0871,0.0809
53s,0.3930,0.2731,0.2114,0.1753,0.1511,0.1369,0.1270,0.1150
52o,0.3422,0.2130,0.1540,0.1202,0.1004,0.0862,0.0768,0.0696
52s,0.3772,0.2555,0.1955,0.1615,0.1418,0.1247,0.1137,0.1059
44,0.5685,0.3688,0.2631,0.2072,0.1731,0.1531,0.1405,0.1284
43o,0.3525,0.2259,0.1626,0.1299,0.1072,0.0933,0.0831,0.0746
43s,0.3865,0.2632,0.2037,0.1699,0.1492,0.1328,0.1207,0.1136
42o,0.3320,0.2074,0.1491,0.1148,0.0948,0.0831,0.0737,0.0652
42s,0.3688,0.2453,0.1892,0.1566,0.1347,0.1224,0.1117,0.1037
33,0.5381,0.3341,0.2386,0.1925,0.1607,0.1468,0.1341,0.1267
32o,0.3232,0.1970,0.1385,0.1076,0.0894,0.0754,0.0682,0.0612
32s,0.3595,0.2386,0.1820,0.1517,0.1304,0.1168,0.1083,0.0967
22,0.5035,0.3082,0.2208,0.1799,0.1558,0.1411,0.1318,0.1245
