mano,tipo,combos,tableros,carta_alta,pareja,doble_pareja,trio,escalera,color,full_house,poker,escalera_color,mejora_mesa
AA,par,6,2118760,0,762300,840456,249458,25816,41562,181104,17848,216,2006938
AKo,offsuit,12,2118760,417780,965568,480080,93808,69954,41562,47124,2668,216,1084878
AKs,suited,4,2118760,386130,916776,469092,92004,65508,138296,47124,2668,1162,1157513
AQo,offsuit,12,2118760,412830,962560,480080,93808,77912,41518,47124,2668,260,1091589
AQs,suited,4,2118760,381555,913920,469092,92004,72939,138252,47124,2668,1206,1163687
AJo,offsuit,12,2118760,407880,959552,480080,93808,85870,41474,47124,2668,304,1098300
AJs,suited,4,2118760,376980,911064,469092,92004,80370,138208,47124,2668,1250,1169861
ATo,offsuit,12,2118760,402930,956544,480080,93808,93828,41430,47124,2668,348,1105011
ATs,suited,4,2118760,372405,908208,469092,92004,87801,138164,47124,2668,1294,1176035
A9o,offsuit,12,2118760,418770,974592,482790,94380,56658,41431,47124,2668,347,1079536
A9s,suited,4,2118760,387045,925344,471735,92565,52821,139155,47124,2668,303,1152395
A8o,offsuit,12,2118760,413820,971584,482790,94380,64616,41431,47124,2668,347,1085998
A8s,suited,4,2118760,382470,922488,471735,92565,60252,139111,47124,2668,347,1158379
A7o,offsuit,12,2118760,413820,971584,482790,94380,64616,41431,47124,2668,347,1085998
A7s,suited,4,2118760,382470,922488,471735,92565,60252,139111,47124,2668,347,1158379
A6o,offsuit,12,2118760,418770,974592,482790,94380,56658,41431,47124,2668,347,1079536
A6s,suited,4,2118760,387045,925344,471735,92565,52821,139155,47124,2668,303,1152395
A5o,offsuit,12,2118760,402930,956544,480080,93808,93828,41430,47124,2668,348,1105011
A5s,suited,4,2118760,372405,908208,469092,92004,87801,138164,47124,2668,1294,1176035
A4o,offsuit,12,2118760,407880,959552,480080,93808,85870,41474,47124,2668,304,1098300
A4s,suited,4,2118760,376980,911064,469092,92004,80370,138208,47124,2668,1250,1169861
A3o,offsuit,12,2118760,412830,962560,480080,93808,77912,41518,47124,2668,260,1091589
A3s,suited,4,2118760,381555,913920,469092,92004,72939,138252,47124,2668,1206,1163687
A2o,offsuit,12,2118760,417780,965568,480080,93808,69954,41562,47124,2668,216,1084878
A2s,suited,4,2118760,386130,916776,469092,92004,65508,138296,47124,2668,1162,1157513
KK,par,6,2118760,0,762300,840456,249458,25816,41562,181104,17848,216,2006938
KQo,offsuit,12,2118760,402930,947520,477370,93236,106134,41518,47124,2668,260,1109611
KQs,suited,4,2118760,372405,899640,466449,91443,99573,137306,47124,2668,2152,1180427
KJo,offsuit,12,2118760,397980,944512,477370,93236,114092,41474,47124,2668,304,1116322
KJs,suited,4,2118760,367830,896784,466449,91443,107004,137262,47124,2668,2196,1186601
KTo,offsuit,12,2118760,393030,941504,477370,93236,122050,41430,47124,2668,348,1123033
KTs,suited,4,2118760,363255,893928,466449,91443,114435,137218,47124,2668,2240,1192775
K9o,offsuit,12,2118760,408870,959552,480080,93808,84880,41431,47124,2668,347,1097558
K9s,suited,4,2118760,377895,911064,469092,92004,79455,138209,47124,2668,1249,1169135
K8o,offsuit,12,2118760,418770,974592,482790,94380,56658,41431,47124,2668,347,1079536
K8s,suited,4,2118760,387045,925344,471735,92565,52821,139155,47124,2668,303,1152395
K7o,offsuit,12,2118760,413820,971584,482790,94380,64616,41431,47124,2668,347,1085998
K7s,suited,4,2118760,382470,922488,471735,92565,60252,139111,47124,2668,347,1158379
K6o,offsuit,12,2118760,413820,971584,482790,94380,64616,41431,47124,2668,347,1085998
K6s,suited,4,2118760,382470,922488,471735,92565,60252,139111,47124,2668,347,1158379
K5o,offsuit,12,2118760,412830,971584,482790,94380,65606,41430,47124,2668,348,1086989
K5s,suited,4,2118760,381555,922488,471735,92565,61167,139110,47124,2668,348,1159295
K4o,offsuit,12,2118760,417780,974592,482790,94380,57648,41474,47124,2668,304,1080278
K4s,suited,4,2118760,386130,925344,471735,92565,53736,139154,47124,2668,304,1153121
K3o,offsuit,12,2118760,422730,977600,482790,94380,49690,41518,47124,2668,260,1073567
K3s,suited,4,2118760,390705,928200,471735,92565,46305,139198,47124,2668,260,1146947
K2o,offsuit,12,2118760,427680,980608,482790,94380,41732,41562,47124,2668,216,1066856
K2s,suited,4,2118760,395280,931056,471735,92565,38874,139242,47124,2668,216,1140773
QQ,par,6,2118760,0,756360,838944,248952,33774,41474,181104,17848,304,2007436
QJo,offsuit,12,2118760,383130,926464,474660,92664,150272,41430,47124,2668,348,1141055
QJs,suited,4,2118760,354105,879648,463806,90882,141069,136272,47124,2668,3186,1209515
QTo,offsuit,12,2118760,378180,923456,474660,92664,158230,41386,47124,2668,392,1147766
QTs,suited,4,2118760,349530,876792,463806,90882,148500,136228,47124,2668,3230,1215689
Q9o,offsuit,12,2118760,394020,941504,477370,93236,121060,41387,47124,2668,391,1122291
Q9s,suited,4,2118760,364170,893928,466449,91443,113520,137219,47124,2668,2239,1192049
Q8o,offsuit,12,2118760,403920,956544,480080,93808,92838,41387,47124,2668,391,1104269
Q8s,suited,4,2118760,373320,908208,469092,92004,86886,138165,47124,2668,1293,1175309
Q7o,offsuit,12,2118760,413820,971584,482790,94380,64616,41387,47124,2668,391,1086247
Q7s,suited,4,2118760,382470,922488,471735,92565,60252,139111,47124,2668,347,1158569
Q6o,offsuit,12,2118760,408870,968576,482790,94380,72574,41387,47124,2668,391,1092709
Q6s,suited,4,2118760,377895,919632,471735,92565,67683,139067,47124,2668,391,1164553
Q5o,offsuit,12,2118760,407880,968576,482790,94380,73564,41386,47124,2668,392,1093700
Q5s,suited,4,2118760,376980,919632,471735,92565,68598,139066,47124,2668,392,1165469
Q4o,offsuit,12,2118760,412830,971584,482790,94380,65606,41430,47124,2668,348,1086989
Q4s,suited,4,2118760,381555,922488,471735,92565,61167,139110,47124,2668,348,1159295
Q3o,offsuit,12,2118760,417780,974592,482790,94380,57648,41474,47124,2668,304,1080278
Q3s,suited,4,2118760,386130,925344,471735,92565,53736,139154,47124,2668,304,1153121
Q2o,offsuit,12,2118760,422730,977600,482790,94380,49690,41518,47124,2668,260,1073567
Q2s,suited,4,2118760,390705,928200,471735,92565,46305,139198,47124,2668,260,1146947
JJ,par,6,2118760,0,750420,837432,248446,41732,41386,181104,17848,392,2007934
JTo,offsuit,12,2118760,363330,905408,471950,92092,194410,41342,47124,2668,436,1172499
JTs,suited,4,2118760,335805,859656,461163,90321,182565,135238,47124,2668,4220,1238603
J9o,offsuit,12,2118760,379170,923456,474660,92664,157240,41343,47124,2668,435,1147024
J9s,suited,4,2118760,350445,876792,463806,90882,147585,136229,47124,2668,3229,1214963
J8o,offsuit,12,2118760,389070,938496,477370,93236,129018,41343,47124,2668,435,1129002
J8s,suited,4,2118760,359595,891072,466449,91443,120951,137175,47124,2668,2283,1198223
J7o,offsuit,12,2118760,398970,953536,480080,93808,100796,41343,47124,2668,435,1110980
J7s,suited,4,2118760,368745,905352,469092,92004,94317,138121,47124,2668,1337,1181483
J6o,offsuit,12,2118760,408870,968576,482790,94380,72574,41343,47124,2668,435,1092958
J6s,suited,4,2118760,377895,919632,471735,92565,67683,139067,47124,2668,391,1164743
J5o,offsuit,12,2118760,402930,965568,482790,94380,81522,41342,47124,2668,436,1100411
J5s,suited,4,2118760,372405,916776,471735,92565,76029,139022,47124,2668,436,1171643
J4o,offsuit,12,2118760,407880,968576,482790,94380,73564,41386,47124,2668,392,1093700
J4s,suited,4,2118760,376980,919632,471735,92565,68598,139066,47124,2668,392,1165469
J3o,offsuit,12,2118760,412830,971584,482790,94380,65606,41430,47124,2668,348,1086989
J3s,suited,4,2118760,381555,922488,471735,92565,61167,139110,47124,2668,348,1159295
J2o,offsuit,12,2118760,417780,974592,482790,94380,57648,41474,47124,2668,304,1080278
J2s,suited,4,2118760,386130,925344,471735,92565,53736,139154,47124,2668,304,1153121
TT,par,6,2118760,0,744480,835920,247940,49690,41298,181104,17848,480,2008432
T9o,offsuit,12,2118760,364320,905408,471950,92092,193420,41299,47124,2668,479,1171757
T9s,suited,4,2118760,336720,859656,461163,90321,181650,135239,47124,2668,4219,1237877
T8o,offsuit,12,2118760,374220,920448,474660,92664,165198,41299,47124,2668,479,1153735
T8s,suited,4,2118760,345870,873936,463806,90882,155016,136185,47124,2668,3273,1221137
T7o,offsuit,12,2118760,384120,935488,477370,93236,136976,41299,47124,2668,479,1135713
T7s,suited,4,2118760,355020,888216,466449,91443,128382,137131,47124,2668,2327,1204397
T6o,offsuit,12,2118760,394020,950528,480080,93808,108754,41299,47124,2668,479,1117691
T6s,suited,4,2118760,364170,902496,469092,92004,101748,138077,47124,2668,1381,1187657
T5o,offsuit,12,2118760,402930,965568,482790,94380,81522,41298,47124,2668,480,1100660
T5s,suited,4,2118760,372405,916776,471735,92565,76029,139022,47124,2668,436,1171833
T4o,offsuit,12,2118760,402930,965568,482790,94380,81522,41342,47124,2668,436,1100411
T4s,suited,4,2118760,372405,916776,471735,92565,76029,139022,47124,2668,436,1171643
T3o,offsuit,12,2118760,407880,968576,482790,94380,73564,41386,47124,2668,392,1093700
T3s,suited,4,2118760,376980,919632,471735,92565,68598,139066,47124,2668,392,1165469
T2o,offsuit,12,2118760,412830,971584,482790,94380,65606,41430,47124,2668,348,1086989
T2s,suited,4,2118760,381555,922488,471735,92565,61167,139110,47124,2668,348,1159295
99,par,6,2118760,0,745470,835920,247940,48700,41300,181104,17848,478,2008430
98o,offsuit,12,2118760,365310,905408,471950,92092,192430,41300,47124,2668,478,1170766
98s,suited,4,2118760,337635,859656,461163,90321,180735,135240,47124,2668,4218,1236961
97o,offsuit,12,2118760,375210,920448,474660,92664,164208,41300,47124,2668,478,1152744
97s,suited,4,2118760,346785,873936,463806,90882,154101,136186,47124,2668,3272,1220221
96o,offsuit,12,2118760,385110,935488,477370,93236,135986,41300,47124,2668,478,1134722
96s,suited,4,2118760,355935,888216,466449,91443,127467,137132,47124,2668,2326,1203481
95o,offsuit,12,2118760,394020,950528,480080,93808,108754,41299,47124,2668,479,1117691
95s,suited,4,2118760,364170,902496,469092,92004,101748,138077,47124,2668,1381,1187657
94o,offsuit,12,2118760,408870,968576,482790,94380,72574,41343,47124,2668,435,1092958
94s,suited,4,2118760,377895,919632,471735,92565,67683,139067,47124,2668,391,1164743
93o,offsuit,12,2118760,408870,968576,482790,94380,72574,41387,47124,2668,391,1092709
93s,suited,4,2118760,377895,919632,471735,92565,67683,139067,47124,2668,391,1164553
92o,offsuit,12,2118760,413820,971584,482790,94380,64616,41431,47124,2668,347,1085998
92s,suited,4,2118760,382470,922488,471735,92565,60252,139111,47124,2668,347,1158379
88,par,6,2118760,0,745470,835920,247940,48700,41300,181104,17848,478,2008430
87o,offsuit,12,2118760,365310,905408,471950,92092,192430,41300,47124,2668,478,1170766
87s,suited,4,2118760,337635,859656,461163,90321,180735,135240,47124,2668,4218,1236961
86o,offsuit,12,2118760,375210,920448,474660,92664,164208,41300,47124,2668,478,1152744
86s,suited,4,2118760,346785,873936,463806,90882,154101,136186,47124,2668,3272,1220221
85o,offsuit,12,2118760,384120,935488,477370,93236,136976,41299,47124,2668,479,1135713
85s,suited,4,2118760,355020,888216,466449,91443,128382,137131,47124,2668,2327,1204397
84o,offsuit,12,2118760,398970,953536,480080,93808,100796,41343,47124,2668,435,1110980
84s,suited,4,2118760,368745,905352,469092,92004,94317,138121,47124,2668,1337,1181483
83o,offsuit,12,2118760,413820,971584,482790,94380,64616,41387,47124,2668,391,1086247
83s,suited,4,2118760,382470,922488,471735,92565,60252,139111,47124,2668,347,1158569
82o,offsuit,12,2118760,413820,971584,482790,94380,64616,41431,47124,2668,347,1085998
82s,suited,4,2118760,382470,922488,471735,92565,60252,139111,47124,2668,347,1158379
77,par,6,2118760,0,745470,835920,247940,48700,41300,181104,17848,478,2008430
76o,offsuit,12,2118760,365310,905408,471950,92092,192430,41300,47124,2668,478,1170766
76s,suited,4,2118760,337635,859656,461163,90321,180735,135240,47124,2668,4218,1236961
75o,offsuit,12,2118760,374220,920448,474660,92664,165198,41299,47124,2668,479,1153735
75s,suited,4,2118760,345870,873936,463806,90882,155016,136185,47124,2668,3273,1221137
74o,offsuit,12,2118760,389070,938496,477370,93236,129018,41343,47124,2668,435,1129002
74s,suited,4,2118760,359595,891072,466449,91443,120951,137175,47124,2668,2283,1198223
73o,offsuit,12,2118760,403920,956544,480080,93808,92838,41387,47124,2668,391,1104269
73s,suited,4,2118760,373320,908208,469092,92004,86886,138165,47124,2668,1293,1175309
72o,offsuit,12,2118760,418770,974592,482790,94380,56658,41431,47124,2668,347,1079536
72s,suited,4,2118760,387045,925344,471735,92565,52821,139155,47124,2668,303,1152395
66,par,6,2118760,0,745470,835920,247940,48700,41300,181104,17848,478,2008430
65o,offsuit,12,2118760,364320,905408,471950,92092,193420,41299,47124,2668,479,1171757
65s,suited,4,2118760,336720,859656,461163,90321,181650,135239,47124,2668,4219,1237877
64o,offsuit,12,2118760,379170,923456,474660,92664,157240,41343,47124,2668,435,1147024
64s,suited,4,2118760,350445,876792,463806,90882,147585,136229,47124,2668,3229,1214963
63o,offsuit,12,2118760,394020,941504,477370,93236,121060,41387,47124,2668,391,1122291
63s,suited,4,2118760,364170,893928,466449,91443,113520,137219,47124,2668,2239,1192049
62o,offsuit,12,2118760,408870,959552,480080,93808,84880,41431,47124,2668,347,1097558
62s,suited,4,2118760,377895,911064,469092,92004,79455,138209,47124,2668,1249,1169135
55,par,6,2118760,0,744480,835920,247940,49690,41298,181104,17848,480,2008432
54o,offsuit,12,2118760,363330,905408,471950,92092,194410,41342,47124,2668,436,1172499
54s,suited,4,2118760,335805,859656,461163,90321,182565,135238,47124,2668,4220,1238603
53o,offsuit,12,2118760,378180,923456,474660,92664,158230,41386,47124,2668,392,1147766
53s,suited,4,2118760,349530,876792,463806,90882,148500,136228,47124,2668,3230,1215689
52o,offsuit,12,2118760,393030,941504,477370,93236,122050,41430,47124,2668,348,1123033
52s,suited,4,2118760,363255,893928,466449,91443,114435,137218,47124,2668,2240,1192775
44,par,6,2118760,0,750420,837432,248446,41732,41386,181104,17848,392,2007934
43o,offsuit,12,2118760,383130,926464,474660,92664,150272,41430,47124,2668,348,1141055
43s,suited,4,2118760,354105,879648,463806,90882,141069,136272,47124,2668,3186,1209515
42o,offsuit,12,2118760,397980,944512,477370,93236,114092,41474,47124,2668,304,1116322
42s,suited,4,2118760,367830,896784,466449,91443,107004,137262,47124,2668,2196,1186601
33,par,6,2118760,0,756360,838944,248952,33774,41474,181104,17848,304,2007436
32o,offsuit,12,2118760,402930,947520,477370,93236,106134,41518,47124,2668,260,1109611
32s,suited,4,2118760,372405,899640,466449,91443,99573,137306,47124,2668,2152,1180427
22,par,6,2118760,0,762300,840456,249458,25816,41562,181104,17848,216,2006938
